Data_Masked_Index,Apokasc2 Real Age,APOKASC2 Predicted Age,TESS Real Age,TESS Predicted Age,Age Difference (APOKASC2 - TESS)
19140272-1554055,9.225714271547629,8.807335512278351,1.8023030918124707,2.4979493313986256,6.309386180879725
19155129-1617591,7.9983425500702845,5.6000294608051755,1.0483588590152084,2.337702469975355,3.2623269908298207
19171130-1603082,13.121998990192042,9.954056364480909,2.574277954846038,4.946271019001645,5.007785345479264
19180978-1616222,7.979946872679768,8.166338925619197,2.764406010747628,3.5125884356712103,4.653750489947987
2M00000002+7417074,9.79489985408699,8.30876886215292,6.6001432109618206,7.136476916870301,1.1722919452826197
2M00000019-1924498,2.910717118066605,4.098238794834018,7.605498315111465,5.814541676739974,-1.7163028819059551
2M00000032+5737103,11.66809617060963,1.180354769971757,0.5198575922620129,1.9076697303229964,-0.7273149603512394
2M00000032+5737103,0.4285485203974396,5.386075723540306,4.994844984058082,3.336882136658859,2.049193586881447
2M00000035-7323394,6.854882264526614,2.410089682809538,3.332326720168662,3.5907858184164634,-1.1806961356069254
2M00000068+5710233,2.213094709605639,5.461330897333086,7.195799783127602,5.318705619481825,0.1426252778512609
2M00000103+1525513,1.2445146117713857,1.4443782349201637,7.527996407547332,7.849531329789131,-6.405153094868967
2M00000133+5721163,1.0990058394325208,8.827189103385622,1.0262607571070723,4.466320287322407,4.360868816063215
2M00000211+6327470,8.790225168308842,7.301318230775008,2.904982743627664,4.543761084829733,2.757557145945275
2M00000222+5625359,9.354056741475521,6.664140272925101,2.284971170078178,3.4774884142108333,3.1866518587142676
2M00000233+1452324,4.875284901033865,3.450761485829297,2.6038361491616433,7.383327261107237,-3.9325657752779395
2M00000317+5821383,5.370317963702527,2.7081640422362003,6.92726628179133,6.920777989900328,-4.212613947664128
2M00000446+5854329,2.4945947269429536,6.1415444475520005,5.819112373253289,8.52647913679521,-2.3849346892432095
2M00000506+5656353,4.645152752227492,6.463243697262384,7.960993818782389,6.407526638221226,0.0557170590411582
2M00000506+5656353,4.466835921509631,4.759836463505009,4.945369764554966,3.4855160569704173,1.274320406534592
2M00000523-1937381,5.6623928903825345,8.40833666016744,5.343459702518916,6.1654167270466536,2.2429199331207856
2M00000535+1504343,7.53355563733717,1.8760591239172058,6.468835890900603,8.76215560309943,-6.886096479182224
2M00000535+1504343,1.6255487557504835,6.1589152160225975,13.8,6.422126065337417,-0.2632108493148193
2M00000546+6152107,5.357966575133417,6.561543378411569,3.120550011714065,5.122908803888118,1.4386345745234514
2M00000549+1524008,5.9156163417547365,6.853330300194199,6.821795518363869,3.861627523367439,2.99170277682676
2M00000585+1451550,7.430191378967013,1.6915222076981802,3.0306794467604705,7.698641158332688,-6.007118950634507
2M00000644+5733530,0.9571940712948442,2.0335494024892307,7.812549528607207,6.685094936001523,-4.651545533512293
2M00000662+7528598,4.0179081084894,7.414149960072391,3.800447233512331,7.084271547314129,0.32987841275826124
2M00000717-7213573,9.183325964835811,9.934567132222769,4.679149290736371,7.186538683148967,2.748028449073802
2M00000797+6436119,9.772372209558112,3.716743181283263,14.151886059048142,2.552968262601456,1.1637749186818072
2M00000799+7939442,3.026913428101305,4.387435542969273,0.5544515975670781,4.5340921428796435,-0.1466565999103704
2M00000818+5634264,1.432187899273544,4.864019297334278,4.178886534805128,6.787447710565948,-1.9234284132316697
2M00000866+7122144,7.53355563733717,5.198582159533923,2.9760109573450135,3.9555139213730115,1.2430682381609115
2M00000940+5515185,5.2360043658575,1.442833808187383,4.756059132882845,6.590999052488192,-5.148165244300809
2M00000943+6254542,1.3212956341865751,4.833195279049629,7.193933244559998,6.804089292003057,-1.970894012953428
2M00001045+6126148,8.871560120379609,11.211127180989601,6.56603291032183,8.694454893563698,2.5166722874259033
2M00001071+6258172,13.995873225726179,7.7720793826605465,5.417271107004813,5.922403656654669,1.8496757260058772
2M00001104+6348085,6.622165037017622,3.9123787641875256,7.493590445801481,6.515384006819713,-2.6030052426321872
2M00001153+5736447,2.735268726306711,8.552879772261578,3.764321281950132,6.079729249259839,2.473150523001739
2M00001199+6114138,9.440608762859236,9.483556451015502,5.406206815750537,8.658972791617472,0.82458365939803
2M00001217-1949306,11.587773561551261,3.450813839277866,6.864217447926238,4.223216966884627,-0.7724031276067613
2M00001242+5524391,1.9906733389871862,6.8917460973440425,5.608872308428658,4.431003534000229,2.460742563343813
2M00001242+5524391,8.64967918775693,8.783812420366848,3.089561399149324,4.695251056773015,4.088561363593834
2M00001296+5851378,6.223002851691596,6.874311870147907,5.601749398939622,7.033215054253339,-0.1589031841054318
2M00001328+5725563,2.4210290467361775,3.7508895282611823,7.6591956385681215,4.5696486846446644,-0.8187591563834822
2M00001362-1913042,4.70977326396953,2.9453521342113764,4.184086784671924,9.680100017795452,-6.734747883584076
2M00001476+5607372,2.8773984147356697,5.645500281766704,10.10761418860986,4.17822698967588,1.467273292090824
2M00001493+5534446,6.854882264526614,4.849751131719776,11.042400336720467,5.425051135123375,-0.5753000034035987
2M00001508+6229364,5.046612975635282,7.702869181297973,3.3063971913496912,5.91114348123291,1.7917257000650633
2M00001616+1606151,8.356030182312482,6.677879615826787,2.5139332320013135,4.271497776967615,2.406381838859172
2M00001638+7924440,6.760829753919819,5.33171116219463,4.962890938947071,2.1239063697008564,3.207804792493773
2M00001648+6306232,6.823386941416698,2.017169118959739,2.94793925725002,7.282133903189527,-5.264964784229788
2M00001649-7342309,13.803842646028837,1.3756283737290962,3.4669862284733757,4.927057311259366,-3.55142893753027
2M00001653+5540107,1.7741894808901661,5.577982313085142,5.5731478933191285,3.975892645217401,1.6020896678677414
2M00001687+5903034,1.0690548792226577,5.0244281484583375,5.294541010073981,4.2186942538232515,0.805733894635086
2M00001701+7052395,14.52111617587742,8.80390503934031,3.82600183380596,4.752122748952485,4.051782290387826
2M00001717+6147500,4.375221051582521,8.075760056077133,2.567551397444591,6.209724888215997,1.8660351678611358
2M00001719+6221324,8.05378441199067,6.872369504323732,6.002830581,2.6043818032886783,4.267987701035054
2M00001809+5939417,7.834296427662119,4.949633050425708,5.773012754369674,-0.33528781338267744,5.284920863808385
2M00001877+5938132,8.452788451602899,8.722318800029692,0.9858425153088428,6.621134662670363,2.101184137359329
2M00001952+7026133,2.8906798823654745,3.4277547892968583,0.817653256774479,7.320849196557388,-3.89309440726053
2M00001962+6502429,9.682778562612496,7.497871585497363,8.149493100510801,3.9776706369955166,3.520200948501847
2M00001977-2003393,1.936421963946607,7.0917976143116785,8.368631295729344,4.321901768784899,2.7698958455267793
2M00002005+5703467,8.241381150130021,8.275291211495357,5.615130581169871,3.4038397655255612,4.871451445969797
2M00002005+5703467,5.584701947368306,6.5588971495566355,3.3208679734925877,6.117987363563597,0.4409097859930382
2M00002012+5612368,17.5388050184176,4.728658134002773,4.7535967489269355,7.801376013382962,-3.072717879380189
2M00002021+6302567,8.279421637123345,5.107149241310661,5.229111890626231,4.624734809312248,0.4824144319984134
2M00002035+6250406,4.31519076827765,5.167850156401304,3.924797946870472,4.936589231242117,0.23126092515918728
2M00002036+6153416,1.5523870099580814,6.529518403746114,4.358680585988305,7.232476615218294,-0.70295821147218
2M00002039+5651114,5.794286964268809,8.254419636665917,3.344176279553211,2.247533451593312,6.006886185072605
2M00002039+5651114,10.495424286523221,8.919628371231374,4.204266827384881,4.854023285148744,4.06560508608263
2M00002063+1404279,7.870457896950985,6.344173446421904,9.71630438271376,8.40789321165786,-2.0637197652359562
2M00002108+5527251,1.914255925021086,2.5244378112359223,2.877501849455547,5.906132956792617,-3.381695145556695
2M00002118+6136420,7.673614893618185,6.092732524690898,4.646761979442404,4.778272535031843,1.3144599896590545
2M00002141+8606336,2.606153549998895,7.912738291929047,9.831606030559128,8.44179429090402,-0.5290559989749735
2M00002142-1929009,5.649369748123023,4.807287196703323,4.353499512764052,4.516990747340599,0.2902964493627236
2M00002185+1459100,9.817479430199844,5.757512864681934,3.7707231871975937,9.42117988276243,-3.6636670180804964
2M00002189+1514141,6.223002851691596,5.576968559944674,5.043720841952759,2.9938792618795897,2.583089298065084
2M00002227+6223341,6.137620051647939,8.08890235813605,5.149056224147257,1.793173713282879,6.29572864485317
2M00002338+6141442,7.925013304804718,4.451032555646656,7.967359714976362,3.986820476492418,0.4642120791542381
2M00002338+6457409,10.115794542598982,6.336041739566925,2.8419010528578204,8.624776588133965,-2.2887348485670405
2M00002388+6151472,6.223002851691596,7.62845853737756,1.3383639962956555,1.7820864622189385,5.846372075158622
2M00002422+5642193,9.72747223776965,6.30995755925725,4.034175699652769,2.4945801061488395,3.8153774531084106
2M00002472+5518473,13.243415351946643,6.813894932854046,6.769095257086589,4.358787028377434,2.4551079044766118
2M00002504+1517108,1.5812480392703827,6.434827408789189,1.456446616580047,6.396010205370163,0.0388172034190255
2M00002504+1517108,2.7289777828080406,3.898836143335007,1.8620310150303745,4.829717037413609,-0.9308808940786015
2M00002509+7040316,7.079457843841381,1.3651652197389867,2.503893540295905,2.9661006930394342,-1.6009354733004475
2M00002553+5612163,8.68960429286302,6.828681873549821,4.85584809,4.944531894031572,1.8841499795182495
2M00002561+5528511,7.852356346100718,5.610141608719653,6.265713203809822,7.10561008368935,-1.4954684749696971
2M00002588+6130109,3.5563131856898544,5.474245805625491,2.723803602659122,4.856200155778898,0.6180456498465929
2M00002596+7433383,0.9057326008981998,9.091222880376929,5.632857515626824,3.8995763501054967,5.1916465302714325
2M00002679+5920508,4.886523593428336,4.556224383211979,2.9693878891565,1.6052357333375502,2.9509886498744287
2M00002707+1424316,5.308844442309884,3.4951117314623668,4.1525912714684,2.1044522147562765,1.3906595167060902
2M00002728-7318506,5.420008904016238,5.114224889208145,2.5465225544805645,6.826429142754986,-1.7122042535468402
2M00002853+6119307,10.495424286523221,9.31274565713034,1.554620888886739,2.953567464964392,6.359178192165949
2M00002868+5550240,5.284452517751802,2.876724695478326,2.914207334820223,6.441228772110962,-3.5645040766326357
2M00002873+8426345,2.7164392688390837,2.143163245579125,5.039417189370776,9.26851633084408,-7.125353085264955
2M00002903+6403157,4.456562483975032,3.5618642292671265,2.6280388585096515,3.91271596626196,-0.35085173699483363
2M00002908+6140446,8.570378452303691,5.835793433214738,4.469804926114001,4.660408939640586,1.1753844935741515
2M00002926+5737333,3.908408957924021,6.9903197086584665,13.456055349442272,5.131901199874471,1.8584185087839957
2M00003003+5646151,0.7294575102545686,4.931878885488319,3.751488193986501,7.989346437231615,-3.0574675517432954
2M00003003+5646151,3.3036954103681486,3.3975756703104887,2.6954932276368844,5.771477912187474,-2.3739022418769853
2M00003030+6339074,7.095777679633888,6.98434401200364,3.1082607344722093,3.754640376013447,3.229703635990193
2M00003036-7342245,5.3456435939697196,8.535384201630757,7.091035242274501,8.363453298596845,0.17193090303391223
2M00003061+5820590,5.834451042737448,9.24374063898034,13.8,4.649315430361791,4.594425208618548
2M00003071+5606028,3.1550046233746274,8.258064282802648,5.742066351,3.0945258494468604,5.163538433355788
2M00003088+5933348,7.128530301265198,5.953817672729266,3.790939423742937,7.42620064417627,-1.4723829714470043
2M00003088+6311475,4.9317380395493595,9.543740706315724,7.661246757431178,9.270375350035573,0.27336535628015035
2M00003118+7056365,10.96478196143185,4.12445200788562,4.584878363060885,6.391102447405376,-2.266650439519756
2M00003119+1516179,8.66961875758217,10.479545378915828,4.1234531108615755,9.252673165870503,1.2268722130453256
2M00003119+1516179,6.501296903430909,5.613369542558686,4.64835662576113,6.414105010172416,-0.8007354676137304
2M00003132+1410363,8.03526122185617,2.783467867718559,13.219109125595388,5.711492593428062,-2.928024725709503
2M00003151+1556005,4.666593803142887,2.441617035302233,4.899543194173754,8.582548789334126,-6.140931754031893
2M00003151+1556005,5.370317963702527,1.8860023129749381,4.083900883697534,9.166896096797352,-7.280893783822414
2M00003157+7059085,6.067363295885053,8.43979949628917,4.7213902075852285,13.643754229795427,-5.203954733506256
2M00003194+5539512,7.88860117618554,1.4013947315883681,4.029318447880826,2.4559959059131926,-1.0546011743248245
2M00003240+1707161,1.9906733389871862,5.417765953428549,4.424659046447232,8.033827193379048,-2.6160612399504997
2M00003303+7458357,2.9444216337987603,7.383787075193318,7.847731784731091,8.70511889167564,-1.3213318164823225
2M00003312+5504379,2.28559880337543,2.9628836647866694,5.640606259885764,4.796286312420718,-1.8334026476340486
2M00003349+1640086,4.97737084978936,3.0853944361967334,1.5848369469361108,7.512668093161785,-4.427273656965051
2M00003379+7940362,5.584701947368306,7.063781115809372,6.9774347673457315,5.723495849518853,1.3402852662905191
2M00003414+7539100,1.1668096170609628,5.358685351129974,5.978165533703822,3.8730929023604785,1.4855924487694958
2M00003418+5855095,4.036453929676049,7.990519122998239,4.835327238838174,6.822604385339743,1.1679147376584957
2M00003453+6137329,5.6623928903825345,8.934929327604008,6.449521165048034,7.956220059108486,0.9787092684955221
2M00003456+1538435,4.786300923226385,9.081201689969056,5.874025349191241,2.5778056351498955,6.503396054819161
2M00003456+1538435,2.6977394324449206,8.387781321320261,5.143376495520765,8.78448359618111,-0.3967022748608482
2M00003475+5723259,4.819477976251272,5.461006729010129,3.5367259710363403,9.572470579969558,-4.111463850959429
2M00003498+5627195,5.767664633922509,8.678192246404143,6.712175323595105,8.814494042066192,-0.13630179566204959
2M00003498+5800176,6.2805835881331795,9.9156543167216,12.062242271662392,8.746222846839517,1.169431469882083
2M00003503+6120437,17.179083871575894,3.6844730972904176,1.4557299773307948,5.4334318729526405,-1.748958775662223
2M00003567+6204254,4.497798548932879,3.5242160182849367,7.683669831750519,6.860998204091924,-3.3367821858069875
2M00003591+5603401,7.585775750291836,2.9839186458343723,13.76084319981266,9.541374498497097,-6.557455852662725
2M00003628+6250352,6.194410750767812,5.056913198883943,7.132315272,2.3881687145614543,2.6687444843224886
2M00003634+5638345,7.046930689671467,7.185678452872569,2.765054755688966,3.672182137091516,3.513496315781053
2M00003649+7948407,8.64967918775693,4.4455883258182105,8.258006570373325,5.411155263108713,-0.9655669372905029
2M00003921-7308168,4.602565735813559,9.268666168726234,2.8269613249357297,9.107242792804954,0.16142337592128086
2M00003967+7325196,3.5399734108343464,4.788310922476614,6.018621769880805,5.627921051021502,-0.839610128544888
2M00003968+5722329,2.371373705661655,2.7522379780018236,4.3528855635176695,5.147822757223592,-2.3955847792217684
2M00003987+6236456,5.445026528424214,3.1966790946477714,6.217632320473575,8.001745607756881,-4.805066513109109
2M00004031+7457263,5.701642722807471,6.432171661125424,13.8,9.408401266789149,-2.9762296056637245
2M00004072+5714404,4.00866717627303,4.388335070403774,1.7044796994073357,10.04889464288846,-5.6605595724846856
2M00004159+6505249,6.095368972401694,7.506212177323905,2.200989068592208,6.379484565597726,1.1267276117261797
2M00004186+5543207,5.308844442309884,3.4496871824882103,6.37373540122447,8.296266421438633,-4.846579238950422
2M00004238+1558279,3.981071705534973,3.744617955298535,9.800038251124644,9.113361350654207,-5.368743395355672
2M00004238+1558279,3.7931498497368206,4.746938477539414,5.160288824110352,6.468006026574408,-1.721067549034994
2M00004251+5643075,7.568328950209744,4.933851923029837,6.730943081968541,4.692722408592097,0.24112951443774033
2M00004297+5739255,2.904022654464451,6.40496479019644,5.967034642008418,5.920110514980116,0.48485427521632474
2M00004312-7309545,7.311390834834172,7.951495179728657,9.295622238751564,3.704951467588213,4.246543712140444
2M00004334-7228213,1.753880501841762,2.8404456064996184,13.8,3.6445880208997017,-0.8041424144000833
2M00004352+0029400,6.456542290346556,6.621271259710631,7.0416210267463235,6.117048631335433,0.5042226283751976
2M00004407+6151569,4.65586093522959,3.6329155269043714,5.091645647586921,2.4614563630635447,1.1714591638408267
2M00004442+5639264,6.854882264526614,6.2862292841331735,10.245513779321843,5.019824476945184,1.2664048071879899
2M00004449+7504072,6.471426157485831,7.732098270280767,4.895605665202901,3.9366803178382073,3.79541795244256
2M00004521-7219055,16.865530253887425,2.7292706787614893,1.9721894157013784,3.8646874610515245,-1.1354167822900352
2M00004523+7520409,4.808393484497285,7.030511292477947,9.255795923956914,6.315146164337466,0.7153651281404816
2M00004578+5654428,7.516228940182053,6.148627498967465,2.820697699580476,8.436816704436646,-2.2881892054691813
2M00004622+1417117,9.79489985408699,7.14527322467711,2.032152503716402,3.1225102806177536,4.022762944059357
2M00004623+1528052,8.933054837332953,4.609831670432902,4.178733762287891,4.657987010491922,-0.048155340059020446
2M00004623+1528052,2.8444611074479167,4.1626790153269875,1.4445740857042055,4.043954684316045,0.11872433101094249
2M00004632+5634057,2.6302679918953813,2.4657866129801556,2.6302143358988275,2.99201859578945,-0.5262319828092945
2M00004653+6422138,8.491804750363135,8.160509184033108,3.1116304830398205,8.154077144908218,0.00643203912489021
2M00004664+5523113,2.930893245250321,8.466168712041053,1.6800645457729322,7.791318073972709,0.6748506380683441
2M00004701+1624101,3.1915378551007616,1.997138372243675,4.683640892645939,9.396210264252725,-7.399071892009049
2M00004706+5609008,10.069316688518043,9.561918458246078,9.15877859929259,7.225505622629921,2.336412835616157
2M00004725+7117024,5.956621435290104,4.742901444949773,2.4974298336809926,8.550343356933785,-3.8074419119840126
2M00004756+0030562,1.9860949173573716,2.641152685713517,3.353748403008126,4.912293853038044,-2.2711411673245268
2M00004763+7601194,4.265795188015925,6.413340813144741,3.4775556789132795,6.7960879996218075,-0.38274718647706685
2M00004849+8521299,3.9264493539959973,5.742842793805691,3.6239573261083047,4.365896689831792,1.376946103973899
2M00004872+5647031,2.884031503126606,5.502048130929106,6.972503569965916,4.850957418629534,0.6510907122995722
2M00004954+1447333,8.109610578538405,7.621477019922957,9.538424935105157,7.417918720265759,0.20355829965719785
2M00004964+0114229,8.68960429286302,2.841701296031201,3.237786497754578,9.480673766965905,-6.638972470934704
2M00004987+5908475,1.8238957023196383,8.192170328672146,11.646969176747689,7.798285114004333,0.39388521466781334
2M00004994+1621552,7.227698036021702,2.6365445245940338,7.236553308122108,7.422195386669437,-4.7856508620754035
2M00005041+7032121,5.584701947368306,3.8101549540978854,4.904569469250518,8.659116401179395,-4.848961447081509
2M00005048+1617251,4.305266104917106,7.172277556507086,6.078104748583992,9.830272141442283,-2.6579945849351967
2M00005050+7414013,7.585775750291836,8.34631844769917,1.7295336844423683,8.631990004203015,-0.28567155650384457
2M00005056+1628421,3.491403154785863,4.69089384643512,5.104126729431204,2.5855481997538736,2.1053456466812466
2M00005079+6135289,4.943106869868354,4.986597229228869,7.682997267812581,8.203845104468455,-3.217247875239585
2M00005083+7107484,9.332543007969914,2.766012752025268,7.248660265987051,1.2195478806943385,1.5464648713309297
2M00005143+5615568,3.622429984166988,8.293563093868594,5.973085523105209,5.634063324211257,2.6594997696573364
2M00005196+0022164,10.046157902783946,2.611773675491639,9.757376465822826,8.87182456020841,-6.260050884716771
2M00005243+5708135,3.206269324505464,3.8504192510403783,9.802588142862737,6.9752863825229285,-3.1248671314825502
2M00005271+1509401,1.4621771744567185,9.02317608898255,6.771882548121738,4.4789608931891625,4.544215195793388
2M00005289+6332038,7.568328950209744,4.637268579241962,7.874762094550931,8.201726534050366,-3.564457954808404
2M00005290-7251329,8.452788451602899,6.604373258745292,3.800513758709184,5.716902984859579,0.8874702738857128
2M00005310+5727492,14.621771744567182,6.048200364044619,6.5974003103662495,7.279913883814851,-1.2317135197702322
2M00005339+7047133,9.908319448927676,7.008199204578792,0.5281297200585748,7.38285558933505,-0.37465638475625784
2M00005343+0040594,1.78648757485205,6.90183391941373,5.821105232429577,8.736628674087951,-1.8347947546742214
2M00005407+5600006,8.871560120379609,7.915215826338593,8.111074223673965,4.367591019158696,3.547624807179897
2M00005414+5522241,2.6302679918953813,8.296564691586541,11.624331736898814,2.8364469502421654,5.4601177413443756
2M00005423-7334530,4.909078761526029,2.8927802818621484,5.021739376570737,5.3938687561618694,-2.501088474299721
2M00005431+5640346,6.412095765851616,7.462612331120322,3.5186300279764193,6.165129507922809,1.2974828231975133
2M00005457+5926077,3.6057864302164235,9.807336618100818,6.500033662552445,13.205692365174702,-3.398355747073884
2M00005469+5654086,9.057326008981997,8.384308013742483,6.191488144177391,4.572075883868995,3.8122321298734887
2M00005469+5654086,4.207266283844442,7.018955458557481,8.231165534972241,3.6126319289543516,3.4063235296031293
2M00005481+1623446,6.011737374832779,10.43687784715494,4.644343485170289,8.027093354195685,2.409784492959256
2M00005486+5658313,9.79489985408699,4.054962852542035,7.429751230672518,3.0526659678045145,1.0022968847375204
2M00005544+5724169,9.289663867799364,5.965557008131079,5.808191715107878,5.3464482859315,0.619108722199579
2M00005579+8440244,8.356030182312482,4.649076661596442,2.354627496266512,6.782541270120077,-2.133464608523635
2M00005591+6305051,1.555965631605075,6.193625552423735,2.517120496106066,1.7951353342600127,4.398490218163722
2M00005601+5751537,5.093308710571953,3.4619630085321766,7.9464684318984045,3.0920192697077975,0.36994373882437914
2M00005624+7002428,6.792036326171843,7.721614888821892,13.8,6.581959555200566,1.1396553336213264
2M00005626+1455108,10.115794542598982,2.2278547318594026,4.8236761665840815,7.71560684942331,-5.4877521175639075
2M00005636+6959096,7.464487584100668,8.435173355197453,3.3370487067810606,3.6341595292941222,4.801013825903331
2M00005641+5650080,17.660378206861637,7.520250305058332,7.259577289776296,3.6624858566239045,3.857764448434428
2M00005661+0024267,5.116818355403078,7.756963514237399,2.0739012952900744,8.202926793783499,-0.44596327954609993
2M00005666+1647445,2.6853444456585063,1.4889680372421394,5.238345170908206,8.331105574153499,-6.842137536911359
2M00005690+6402130,3.3265955329400434,9.13331082244457,5.551463849065603,7.668871818409365,1.4644390040352038
2M00005724+8350215,8.729713683881114,2.9292151091297804,1.556290807855643,1.9573784015319808,0.9718367075977996
2M00005728+6958488,5.093308710571953,3.1933662847633326,2.169841059655375,5.626079818335383,-2.4327135335720507
2M00005758+0108568,9.527961640236521,3.0554086019118984,3.964065624455424,9.802185273175613,-6.746776671263715
2M00005841+5712287,3.243396173493493,1.7883284935063715,10.248578150453495,4.692722079212367,-2.9043935857059955
2M00005845+0055046,7.88860117618554,7.54831968583192,3.6061769763763394,4.668696463006493,2.879623222825427
2M00005934+6105357,6.77641507610675,5.194765646015527,4.522885089333156,7.538254310524516,-2.343488664508989
2M00005977+5717509,10.375284158180126,3.7103713964165372,3.1095166889101913,5.439016835640622,-1.7286454392240849
2M00010013+8143505,1.7378008287493762,1.7438005634417952,5.297811893828692,8.441748177741935,-6.697947614300141
2M00010020+6954572,9.54992586021436,5.439441338781472,6.733072083233746,2.4542630391579747,2.985178299623497
2M00010054+5538499,3.467368504525317,1.199731362992067,3.45530010005091,8.610559241503625,-7.410827878511558
2M00010088+1649201,2.0276827195212817,3.6872190092267174,1.819906900928055,9.981411323973987,-6.294192314747269
2M00010132+0031530,2.930893245250321,4.046172232586886,0.5924978242047494,6.503720011849977,-2.4575477792630913
2M00010146+6159427,3.311311214825911,8.309940733284522,7.294206595695815,6.907572497798029,1.4023682354864935
2M00010147-7247085,7.780365510398041,6.157607437453802,3.6688740851481194,6.9477133466337815,-0.7901059091799798
2M00010163+5619422,5.5718574893192985,7.674463469279034,1.3095923857341238,7.604288358630596,0.07017511064843784
2M00010170+6148575,4.345102241715715,6.221255481522972,1.838666149201219,6.888695086759243,-0.6674396052362708
2M00010201+0101148,1.3304544179780915,1.8335531474950835,8.648048352140771,6.780778429809503,-4.94722528231442
2M00010202+5805177,4.4258837236262645,2.766714235353819,3.7888510792181265,7.371163926468064,-4.604449691114246
2M00010204+0049037,0.859013521505396,2.7583937387903643,12.860959198805268,6.366057730317418,-3.6076639915270534
2M00010230+8543437,3.4276778654645046,8.45992331580269,0.9432450721814616,7.329876836174763,1.1300464796279277
2M00010276+8354260,2.23872113856834,4.796247493750565,10.67314541848324,2.457093234480957,2.339154259269608
2M00010302+1724247,8.452788451602899,6.094700802828001,5.656180102220727,2.5897308282448708,3.50496997458313
2M00010323+5712426,6.441692655151775,5.7391568994973605,7.647398787,6.952578943993234,-1.2134220444958732
2M00010331+1549325,9.141132414702499,3.317255432574352,9.629832672432611,6.983260007006927,-3.666004574432575
2M00010333+0110373,7.780365510398041,8.01182591892033,3.0393835835096543,5.990452849943876,2.0213730689764544
2M00010395+6207482,1.5885467485977791,7.734178658832987,8.814372637,5.0913351218083465,2.642843537024641
2M00010402+5536294,2.618183008218986,8.754287190664876,8.129216982036644,7.014479935257559,1.7398072554073165
2M00010475+7936110,3.8904514499428045,8.496594526822951,8.520414145697798,6.0943965286002415,2.40219799822271
2M00010497+5533035,8.511380382023768,7.27732131371282,6.183673255277502,3.7373696792936033,3.5399516344192166
2M00010512+5651581,5.956621435290104,4.407104046127057,4.899377918112137,8.975193141857627,-4.56808909573057
2M00010512+5651581,6.729766562843175,6.923324216817168,7.490919480920333,6.044188517721819,0.8791356990953485
2M00010513+5538598,5.701642722807471,7.215075707478039,7.648774827420429,4.985209961205618,2.229865746272421
2M00010538+8129323,4.139996748197304,7.951968476056628,5.9903816346608965,7.729909834783238,0.2220586412733896
2M00010552+5815566,8.629785477669703,6.267702509212359,5.390376564920071,6.950412942894144,-0.6827104336817849
2M00010582+6302001,9.977000638225537,4.90358211094822,7.674683652786816,8.225989962420709,-3.322407851472489
2M00010587+1540152,5.794286964268809,1.1885607764178872,10.976106611538995,4.755867137713807,-3.5673063612959197
2M00010605+7522533,7.709034690644301,3.174942894682874,1.857842843232384,3.0785156889505902,0.09642720573228392
2M00010643+6418105,6.516283940608428,7.746089861616467,4.131533409045727,4.946670556613141,2.799419305003326
2M00010650+0111107,4.00866717627303,8.246137215337784,7.051010676,9.557565488464688,-1.3114282731269036
2M00010686+6141041,17.378008287493763,2.53589343325231,8.64577584760427,5.055548014232899,-2.519654580980589
2M00010711-7232132,5.482769649208536,4.027413833317858,7.331866370779908,11.281022523579384,-7.253608690261526
2M00010727+5530280,8.994975815300355,8.544919932788263,6.587888685282839,6.327185652198467,2.217734280589796
2M00010744+6445170,3.622429984166988,7.595414521344508,4.90108016386897,4.965586175700511,2.629828345643997
2M00010753+6201525,4.591980128368686,5.455070165236052,3.356502457512995,3.6323380593917545,1.8227321058442971
2M00010816-7351594,0.9682778562612495,3.522901365020875,9.024695166,5.203034704947722,-1.6801333399268472
2M00010831+5711546,3.8815036599064823,5.333593242229544,4.569524162946327,7.726316960697339,-2.3927237184677956
2M00010832+6307323,1.4655478409559115,8.569759793254681,3.246038321957831,5.769078051480665,2.8006817417740155
2M00010836+5705599,8.433347577642756,8.396547086607908,5.8292671959689315,7.336835971092886,1.0597111155150225
2M00010844+1422155,3.784425847170932,3.9771479124078666,9.099580061,5.800270311834047,-1.8231223994261803
2M00010869+7333172,1.8281002161427427,4.058076031852385,11.067275535598014,4.869824289516985,-0.8117482576645996
2M00010876+5615113,9.418895965228417,8.075399398986992,5.234162546287907,8.56728006260824,-0.4918806636212487
2M00010920+1525123,7.550922276654342,4.08098145883532,3.8690038453749263,3.2272619277497987,0.8537195310855217
2M00010922+8528011,3.9355007545577765,4.461200758768692,3.4421255457379454,2.923505635841558,1.537695122927134
2M00010955+5731400,4.581418867145334,7.070566968860234,10.528726734609512,5.3312398356960555,1.7393271331641786
2M00010997+1531526,5.807644175213118,3.4372484790486966,3.8079653721352535,4.378675305805074,-0.9414268267563775
2M00011022+6346190,5.3456435939697196,6.458833844660207,3.900019168581505,7.3047214474978,-0.8458876028375935
2M00011035+5721231,7.655966069112562,4.3967031610113825,6.365104520079021,10.549298867610611,-6.152595706599229
2M00011060+5647267,7.585775750291836,5.369994753666268,1.802328512758027,5.114200662608047,0.25579409105822126
2M00011094+5546308,2.7542287033381663,6.014501665493099,3.266761501199881,4.116054260134982,1.8984474053581168
2M00011127+1400108,3.899419866765436,4.74890728449923,4.432666379524235,4.7813054635781365,-0.032398179078906075
2M00011143+6240187,8.570378452303691,2.0990546719258125,6.03319173250933,8.401754891024854,-6.302700219099042
2M00011162+7426329,14.15793779957081,9.303936528380245,3.620693467530793,8.749391479834234,0.5545450485460108
2M00011207+5704332,1.5885467485977791,4.9063901595532755,4.376151604425464,7.789771306764479,-2.883381147211203
2M00011207+5704332,13.42764961137864,9.01436801787788,6.246224337580633,8.901186786786464,0.11318123109141531
2M00011277+6112537,5.176068319505676,7.641433731459227,5.679649721106123,7.639356759636971,0.0020769718222553024
2M00011291+6121488,7.655966069112562,3.2948587330411474,6.306508648058691,6.818392277362985,-3.523533544321838
2M00011333+5547232,2.338837238659356,7.343431556332864,5.781980412628568,8.18291763399525,-0.8394860776623867
2M00011342+1533080,8.375292821268825,5.55505097378928,2.993388532465831,9.043331267673711,-3.488280293884431
2M00011364+6452306,4.6881338214526505,5.814123336088942,4.022687804742122,5.196680969971832,0.6174423661171096
2M00011390+6228585,6.501296903430909,6.960689772059357,4.515211649373578,5.818349306409299,1.142340465650058
2M00011399+8408446,5.861381645140285,7.77103601544816,3.733202179121651,5.843440136659343,1.927595878788817
2M00011435+1428385,4.168693834703355,6.800766909008376,6.522231279824655,8.752158269559349,-1.9513913605509723
2M00011442+0039575,1.4655478409559115,7.496294107345031,2.0348019457858273,9.095717137321474,-1.5994230299764425
2M00011470+5512504,9.462371613657929,5.593372640496241,4.871371090362347,6.824152470066891,-1.2307798295706496
2M00011486+6958352,0.3872576449216173,7.562561410310781,13.8,5.481817096409778,2.080744313901003
2M00011512+5733245,6.745280276979223,5.934181427756963,5.2599873029995265,5.316657536325782,0.6175238914311807
2M00011552+6156526,6.367955209079156,2.627449567167659,7.6991796480169,5.421215837556798,-2.7937662703891393
2M00011567+6151042,4.539416166502032,7.628873663207122,3.984372841307575,2.7780999662556964,4.850773696951425
2M00011569+6314329,5.128613839913648,3.490982948132052,5.041967762711265,9.747082679521572,-6.25609973138952
2M00011644+7408211,4.8640720569146145,1.9200098439907427,8.308702323060766,3.7684891467268353,-1.8484793027360926
2M00011648+5632177,5.9292532458,7.471481216836968,8.461617636443508,6.29296178081771,1.1785194360192577
2M00011664+1523337,6.081350012787176,1.589504902877895,5.92846618808297,9.086701355374348,-7.497196452496453
2M00011664+1523337,9.120108393559097,6.0853596784288095,3.089255445661837,10.211497557514559,-4.126137879085749
2M00011666+5553234,9.571940712948441,2.967534660545891,5.031997174277241,9.405144360027013,-6.437609699481122
2M00011675+7055096,7.88860117618554,1.6958255025237245,3.8086248993463663,2.9497239329045866,-1.253898430380862
2M00011687+1603564,4.073802778041126,3.7614276428708333,2.3005161837672383,6.378813948469115,-2.6173863055982816
2M00011715+7405522,7.709034690644301,3.7791820722195784,2.777215527933385,8.273454898914517,-4.494272826694939
2M00011833+6200410,7.261059574351551,3.2489553351005354,5.645423804215531,6.478191765319583,-3.2292364302190473
2M00011850+7441400,3.5727283815192887,2.234285480458608,4.677807827102023,8.841081573805631,-6.606796093347024
2M00011871+0011076,13.396766874259344,9.752020704694784,6.413312968,5.528333748663275,4.223686956031509
2M00011908+6507493,2.312064790175594,8.288640812057698,2.433596644110259,3.8144494766177472,4.474191335439951
2M00011914+1600302,1.3677288255958495,8.912308407240568,2.613901171499891,7.082002779739534,1.8303056275010334
2M00011962+1402401,9.183325964835811,6.222334279857118,4.198812548405083,5.751267830764425,0.47106644909269324
2M00011970+7011184,1.1297959146727976,7.882612848448029,3.2668855945323028,4.782579504370606,3.1000333440774233
2M00011991-7323288,8.851156098308357,5.622822777372994,6.550881402907258,6.589616975144551,-0.9667941977715575
2M00011993+6106531,4.63446919736288,6.960065232435521,1.930618438452226,6.555668465217389,0.4043967672181319
2M00011994+0053361,1.3520725631942765,5.576421228436908,4.556174776447689,5.9492882889098295,-0.3728670604729212
2M00012004+7447268,12.971792709839573,2.48481762035764,11.872586193881212,4.333741981909746,-1.8489243615521063
2M00012097+7447543,8.59013521505396,5.422970626568088,7.227918741782252,4.280207565146331,1.142763061421757
2M00012115+1532083,3.5727283815192887,8.498241809573376,3.4304164216818647,7.615310721887887,0.8829310876854883
2M00012130+7041537,2.454708915685031,4.523603954171892,2.069456701830395,7.049937004344367,-2.5263330501724752
2M00012134+0106579,6.77641507610675,7.738297130120402,1.3428748281064329,6.766243561120232,0.9720535690001695
2M00012151+5634379,16.634126503701697,2.8903437312128464,7.460698757083817,6.676228033691988,-3.7858843024791415
2M00012189+7328530,9.057326008981997,4.905835953350244,11.838257560110817,8.533170815373238,-3.6273348620229937
2M00012190+6224533,5.874893525297769,2.675641180986628,5.48380256495442,2.983408280288946,-0.30776709930231805
2M00012200+7357187,7.211074791828998,8.62032264811792,6.885433691927503,7.199853529321354,1.4204691187965661
2M00012224+1530157,8.974287945007482,4.081100443945704,2.6273775442753364,7.03612413602146,-2.9550236920757555
2M00012252+1558339,9.506047936562819,5.43677660113159,8.567521194455841,3.834556462185563,1.602220138946027
2M00012412+6427175,2.9376496519615305,3.0739834996995783,4.913295541306473,5.585334228316856,-2.5113507286172774
2M00012434+6134249,2.831391995799379,5.942863639055984,5.626344028052944,5.0921598886502135,0.8507037504057706
2M00012439+6252280,5.9156163417547365,11.383995095227618,7.080345484535097,5.632950679486086,5.751044415741532
2M00012439+6252280,7.16143410212902,5.7317253539141495,2.672079747750653,4.901488551022282,0.8302368028918679
2M00012497+6229535,4.897788193684462,5.8451773922536665,9.138519654678468,3.097286380957121,2.7478910112965456
2M00012502+5905339,7.655966069112562,9.080458165234836,7.552512414091693,4.790208597657881,4.2902495675769545
2M00012523+0012037,3.5727283815192887,3.0521698272072535,3.4787786018708085,8.616038802678268,-5.563868975471015
2M00012531+6224118,4.4157044735331255,6.800183617556139,10.143378631971908,8.811268755758057,-2.011085138201918
2M00012542+1347036,4.1020410298660686,10.493978008394018,6.538790536532118,11.843221020533607,-1.3492430121395884
2M00012551+5654020,8.472274141405963,4.926119477323034,6.0307462,6.949685672452113,-2.023566195129079
2M00012574+5556289,4.5081670454146,2.8450886699181472,4.857855216151732,6.4421694806175,-3.597080810699353
2M00012599+7010526,4.7752927365769064,4.358921422294206,6.862139201075556,4.393622228535549,-0.034700806241342974
2M00012635+5619207,1.9453600816226633,3.6416487695951796,4.229945587520614,7.5406838154069495,-3.89903504581177
2M00012667+6217008,4.9888448746001215,3.5616513781252177,6.718279939285496,3.920183004722479,-0.35853162659726134
2M00012694+1639052,5.727960309858292,4.471207670963319,13.8,3.2130870711045216,1.2581205998587977
2M00012697+5609544,7.852356346100718,3.6747454034881577,0.7681271227302958,6.785128877272518,-3.1103834737843603
2M00012711+5640299,7.112135136533288,4.797468545394458,3.0929990808021435,4.6579626363919635,0.13950590900249438
2M00012717+0128193,9.682778562612496,9.118446673632723,5.996472754078,3.7966669237987576,5.321779749833966
2M00012719+5541081,1.7947336268325267,7.1681744210783425,2.9302677623446773,8.858504443960356,-1.690330022882014
2M00012723+8520108,5.000345349769783,5.647631966122067,3.992489312710028,4.037040015661361,1.610591950460706
2M00012742+6434029,9.225714271547629,1.9498407332207224,1.838608731942986,3.9636015112433065,-2.013760778022584
2M00012747+6138291,6.471426157485831,7.066920736255364,3.964026120930416,6.078916340088222,0.9880043961671419
2M00012806+7114563,2.4434305526939712,5.85071310841143,7.635098429619632,4.370952339294981,1.4797607691164485
2M00012833+5644528,5.6623928903825345,8.063276667118387,13.8,8.045272480208608,0.018004186909779563
2M00012835+0005101,4.720630412635905,5.358251716505465,8.011092881462192,8.67168026156925,-3.3134285450637853
2M00012854+7021553,2.3496328208483073,4.314561129029593,9.557964705016328,8.799338621967145,-4.484777492937552
2M00012860+5725373,4.819477976251272,2.842903838880146,4.436008133735436,9.745733540150848,-6.9028297012707025
2M00012905+5709354,3.672823004980846,3.5624276898676324,4.243789163693628,10.072055307925508,-6.509627618057875
2M00012907+7419114,4.528975799036209,8.231050960986554,9.373916628109312,5.531389733790611,2.699661227195943
2M00012942+1508542,6.397348354826482,5.086110558503968,3.8845097521863257,8.11734208247219,-3.0312315239682217
2M00012956+5707016,10.839269140212037,6.856773464877348,1.8993142166725283,3.7594812698932105,3.097292194984137
2M00012957+1412055,6.353309318517436,6.127453966369004,6.878788311182072,5.374621781066944,0.7528321853020605
2M00012984+7052497,1.0568175092136585,8.737122663052277,3.102249075185666,6.738573028831248,1.9985496342210292
2M00013028+1501343,7.870457896950985,3.734781588428791,2.6810872503649743,7.4090636756264745,-3.6742820871976836
2M00013117+7549068,5.445026528424214,8.413262114914613,12.538542051838276,7.251633340267425,1.1616287746471876
2M00013169+6137180,9.571940712948441,8.271577289583249,5.040368511038882,7.5658457916784965,0.7057314979047522
2M00013194+5552459,4.4258837236262645,8.679677709404444,3.0285889398440435,3.2810993738640595,5.398578335540385
2M00013226+5719237,3.5645113342624426,1.6848381530195358,8.05023395010808,4.683338709487478,-2.998500556467942
2M00013313+7537342,3.828247433168228,7.723936420531157,5.518344008305403,7.436307331786441,0.2876290887447155
2M00013362+5549387,4.549880601500485,6.825580328339153,7.609138737711851,8.931811196486738,-2.106230868147585
2M00013385+1532433,11.53453257821093,3.305308269846402,10.577385766307298,2.7420295921131546,0.5632786777332472
2M00013391+5904490,4.8640720569146145,5.795824483757352,5.670388781284695,3.2929036845984254,2.5029207991589266
2M00013398+1521478,7.063175542629623,5.250296261442963,7.7222680726308575,3.346283292889125,1.9040129685538378
2M00013487+5556502,6.123503917247733,7.167491710956097,3.771006596818201,5.7609924378887465,1.4064992730673502
2M00013494+5553289,15.488166189124827,3.6481149493161436,4.504463376522674,4.045804151495393,-0.3976892021792491
2M00013504+7453321,5.445026528424214,1.3517321973937,11.283271387209764,8.9749309555932,-7.6231987581995
2M00013513+0120306,2.8119008303989395,4.668974673811588,3.4157230006046575,4.69161602208178,-0.022641348270191486
2M00013563+0026413,5.546257129579111,10.597521495563491,7.337094598003823,3.561346187602051,7.0361753079614395
2M00013568+5638516,10.568175092136586,2.5935065525228183,5.566279821598113,3.7007103741952863,-1.107203821672468
2M00013573+7028223,8.356030182312482,1.220202619027907,9.741236732,5.804045003530454,-4.583842384502547
2M00013634+7034083,1.4060475241299144,7.273137268409016,7.839832195943671,7.089797221650859,0.18334004675815674
2M00013638+0014094,8.770008211436348,3.23763350523049,8.193886647,2.4157585488167896,0.8218749564137005
2M00013661+6121547,9.24698173938223,4.550986923064245,2.9877981504023037,7.367600037798333,-2.8166131147340883
2M00013695+5630270,2.7039583641088436,6.589322964338534,4.7405220215859245,6.175083363338639,0.41423960099989454
2M00013817+6357049,10.115794542598982,8.205216913820042,1.2145233513869411,3.5771333580216664,4.6280835557983755
2M00013841+7347591,4.797334486366892,4.995103342564523,6.06381583643827,6.963906971639205,-1.9688036290746824
2M00013842+7350554,2.046444636724674,8.601659436937199,5.180387386141105,3.641014909597553,4.960644527339646
2M00013855+6157581,1.415793779957081,7.520029785987088,1.3523527315251311,5.007391050928083,2.5126387350590047
2M00013865+7442397,0.8413951416451947,4.503150149285575,2.745582626594044,3.714458354711546,0.7886917945740288
2M00013867+5602597,6.792036326171843,1.452342040563824,3.102211452733193,6.88677941425433,-5.434437373690506
2M00013885+1601316,9.594006315159337,6.14633399486198,6.793661091,6.493456539488717,-0.3471225446267372
2M00013900+6246301,2.032357010936221,2.689290624027135,3.521875941147275,8.461993173416277,-5.772702549389141
2M00013901+1658396,1.435489433353656,3.926862689468857,12.793281419775916,4.6057480442033745,-0.6788853547345175
2M00013919+7005554,10.864256236170645,9.06467069196641,4.035095152616408,8.919533237701812,0.14513745426459934
2M00013948+7336427,4.265795188015925,6.701813074163437,5.761952036454362,10.543727080111795,-3.8419140059483583
2M00013999+1614433,3.732501577957206,4.575676597880221,5.206441241,8.285844846807366,-3.710168248927145
2M00014000+6132292,8.55066712884683,2.1196018140209416,3.5423878975092236,8.499533239910422,-6.37993142588948
2M00014004+6224150,4.875284901033865,4.326073335076252,10.530903089422129,4.443903032334121,-0.11782969725786874
2M00014022+1714295,4.70977326396953,3.9204396087989877,1.1963264068059658,8.932840178760697,-5.012400569961709
2M00014070+6133479,8.165823713585922,7.894602845815718,7.707230081970916,4.509829702648489,3.384773143167229
2M00014085+6150240,8.472274141405963,5.517912283490889,3.724055312577136,5.936450384585295,-0.4185381010944056
2M00014088+5523206,6.501296903430909,2.1052749490853166,4.367618858356484,8.957094384498625,-6.851819435413308
2M00014119+7028388,2.760577856220345,5.0500792229662155,4.656148853048836,3.228659156560982,1.8214200664052336
2M00014129+7104283,6.30957344480193,5.82354272624963,3.176189045368383,7.181140808147159,-1.357598081897529
2M00014151+1440551,4.677351412871981,9.988402342032916,2.536587863777081,9.768875759923061,0.21952658210985554
2M00014230+1702419,3.235936569296281,2.9040613923833067,2.9668686737135586,8.629596072331333,-5.7255346799480265
2M00014233+6345133,15.34616982799294,7.487188837875757,2.1013220261065215,10.252609417791936,-2.765420579916179
2M00014263+5532476,5.5335010921573655,1.1916461925358153,4.654305851573901,8.080725596738667,-6.889079404202851
2M00014289+2415111,4.355118736855684,9.032114250474576,10.902557869261564,9.584958024262244,-0.5528437737876679
2M00014308+6340538,1.5995580286146693,5.2781853136714805,4.10074856640525,3.419328517910539,1.8588567957609414
2M00014417+1343380,4.216965034285822,9.88260924304312,5.13053670749067,4.7974506697633705,5.08515857327975
2M00014424+7011477,3.8904514499428045,5.9213500734531825,8.963345440236482,7.866533911409422,-1.9451838379562396
2M00014468-7246512,7.063175542629623,2.322851915167049,9.320974792089135,5.832347944899465,-3.509496029732416
2M00014495+5754551,4.786300923226385,1.714131229550581,6.411607097026893,4.6295048865502375,-2.9153736569996562
2M00014549+5724484,0.9977000638225536,5.446786157439781,6.773644517206203,3.6581462786919534,1.7886398787478273
2M00014602+5609024,3.1332857243155856,8.565096105750353,5.815920619878876,3.4902719708800527,5.0748241348703
2M00014645+7450384,8.317637711026709,8.078480848934575,4.28993811182092,6.991514263020187,1.0869665859143876
2M00014650+7009328,11.091748152624008,3.1899707141243376,5.05289630035627,9.983547022137992,-6.793576308013655
2M00014706+5623222,3.9627803425543933,5.338759840133761,2.887271399660646,6.852510747230404,-1.513750907096643
2M00014722+5605347,9.354056741475521,1.9545974935225068,5.698579568,11.696801190761597,-9.742203697239091
2M00014738+1525567,0.6151768727098683,2.765715553660665,7.676488611,8.87170334846807,-6.1059877948074055
2M00014778+6119082,9.204495717531712,6.52899751337399,1.1030176782904957,5.741030708781499,0.7879668045924912
2M00014819+5542230,6.9823240407717115,8.786758491699949,4.59633138181072,4.51601380706385,4.2707446846360995
2M00014858+1603222,9.204495717531712,7.663445448057502,9.755621322891608,9.369884918777712,-1.7064394707202108
2M00014858+1603222,7.780365510398041,6.434180129788701,5.708781370905997,4.2007868660869025,2.2333932637017986
2M00014937+5708063,3.419794425137087,6.970195360322234,8.950663593656145,2.8216469308709042,4.1485484294513295
2M00014955+6127356,1.9230917289101577,3.4886006018108136,4.062295279951579,5.685700184354864,-2.19709958254405
2M00014986+6117091,5.2966344389165805,11.705218933319179,5.310888549097635,7.1328445172169,4.572374416102279
2M00014989+8003031,5.4954087385762485,1.3877024539081229,2.537410903788329,6.290581024135194,-4.902878570227071
2M00015007+7323169,6.622165037017622,7.525444930566329,0.7452880734842342,6.6551635412514445,0.8702813893148846
2M00015091+0131134,2.7669416454115128,4.6608810421919316,6.619803076530562,5.353041809350233,-0.6921607671583017
2M00015093+1526161,3.8815036599064823,9.492228085860267,3.5707016798138844,7.602106547304505,1.8901215385557624
2M00015102+1650371,2.0276827195212817,4.838328561122939,5.260182481069963,8.977725413215566,-4.139396852092627
2M00015180+5555048,2.624218543384442,1.1630411143541441,0.8324680567915077,9.06653936339176,-7.903498249037616
2M00015205+7315215,2.1086281499332884,7.032038003649848,4.693221721738874,6.888929605126419,0.14310839852342916
2M00015227-7220322,9.440608762859236,4.587941054235863,5.7365494571939335,2.1230041986226316,2.464936855613231
2M00015243+5930120,8.994975815300355,7.003357303820245,8.683349017846117,9.623122594722915,-2.61976529090267
2M00015250+1551269,5.834451042737448,4.23480673159617,5.655641238783617,7.160605958311138,-2.925799226714968
2M00015271+5559366,9.72747223776965,8.427890408796543,8.474508282036034,3.4001368786101156,5.027753530186427
2M00015273+5729340,1.7218685749860079,3.4135278718539555,6.856198106749028,7.396693490517376,-3.9831656186634206
2M00015324+5634361,14.288939585111036,4.483346267513309,7.387965262,10.641278815743688,-6.157932548230378
2M00015342+0114481,2.517676927758854,4.872429164936199,5.277693788232156,8.430010401712863,-3.557581236776664
2M00015350+6459174,5.272298614228227,5.932172959093686,8.207877754898558,8.377798444562108,-2.4456254854684225
2M00015353+5521277,3.019951720402016,5.388628879597785,3.172413100158591,9.069040014295698,-3.6804111346979136
2M00015524+5536322,10.641430182243164,6.8742203838185905,1.4363393064424264,9.07886870541444,-2.2046483215958492
2M00015566+5610384,5.308844442309884,5.57230593008577,13.660870560436264,6.88164372551695,-1.3093377954311798
2M00015591+6949468,1.0690548792226577,1.5631729691272658,2.9341187520486756,4.468186223488214,-2.905013254360948
2M00015725+5726512,7.128530301265198,2.3520955467744455,8.20419866872073,6.101479510296536,-3.7493839635220905
2M00015741+5918131,3.451437393358561,2.9657636332806683,5.705710342512207,4.813620908808022,-1.8478572755273537
2M00015747+7336048,9.3110787546783,4.168876024287128,5.374801661813708,2.8710413738182505,1.2978346504688774
2M00015780+1413591,3.899419866765436,7.636745189287395,5.345647907720811,7.816761999292435,-0.1800168100050401
2M00015793+0007429,11.803206356517297,5.58188343823759,4.802236892962392,10.351141387497867,-4.769257949260277
2M00015812+7425157,2.152781734724374,7.79358395827723,7.924420484983169,3.8187959715240116,3.9747879867532183
2M00015855+1719569,5.081594425605605,7.901288222551145,11.94473091205277,9.391593677968533,-1.4903054554173885
2M00015857+1357355,6.576578373554206,5.7338813641143025,5.050455123702926,7.41186208580559,-1.6779807216912879
2M00015887+1639429,4.159106104940223,6.2373459702058405,1.961321888528772,4.140357543452556,2.096988426753285
2M00015905+0052119,7.112135136533288,7.353138626049324,10.34309855930441,9.330213106676313,-1.9770744806269889
2M00015923+5551011,6.011737374832779,4.4136696445180315,5.331407740359415,8.09074664561925,-3.6770770011012184
2M00015923+5551011,5.727960309858292,5.425627431877279,1.4010574992824132,6.1746446295393715,-0.7490171976620923
2M00015934+5710108,0.8184647881347895,3.6965027563615678,9.522947716073562,3.3763602734795013,0.3201424828820665
2M00015943+5556045,1.412537544622754,7.434274837231336,11.064938979157835,9.175073936713442,-1.740799099482106
2M00015949+7416589,3.243396173493493,7.204124846741035,19.92354606,6.980223125903884,0.22390172083715054
2M00015950+1632062,5.649369748123023,8.568093472886597,1.6683918639166233,4.867816390687902,3.700277082198695
2M00015966+1627449,8.790225168308842,5.7201044748000065,10.2391879,3.630495838566449,2.0896086362335575
2M00015968+1549448,5.6623928903825345,8.042345864145108,9.787263704449122,8.400183090957206,-0.35783722681209795
2M00015980+5647492,9.141132414702499,7.692588867760819,8.551313373056077,8.345747161875025,-0.6531582941142053
2M00020080+5817510,6.698846094165265,5.268309549509632,3.4461065387095244,9.255710046973546,-3.9874004974639137
2M00020094+1455366,5.223961889991197,2.953606263524373,5.609439659474983,8.884890395305536,-5.9312841317811635
2M00020100+5640139,5.011872336272725,4.143110195250569,7.999229814566415,7.3137965177961775,-3.170686322545609
2M00020226-7248595,4.6881338214526505,5.025630162484569,1.7400298923579354,5.198740252038668,-0.17311008955409868
2M00020299+5517293,5.7147863667186725,4.357541195013756,3.6420140413085154,2.040883079853517,2.3166581151602386
2M00020302+1405223,5.874893525297769,3.755922598430413,8.371216375494335,6.551133565106033,-2.79521096667562
2M00020308+1607194,2.8444611074479167,8.863813778007156,1.7123025906758655,8.91413668021892,-0.050322902211764386
2M00020308+6234023,4.786300923226385,3.386564259372867,6.7979539857657665,8.102990348912343,-4.716426089539476
2M00020346+7513405,9.375620069258803,7.085879559332549,9.589629902056734,8.089443619410613,-1.0035640600780633
2M00020348+5651433,9.54992586021436,6.145013524548077,4.659242862551806,3.625596973854349,2.5194165506937276
2M00020371+5645019,2.971666031738025,10.270505991121164,7.430150166324422,5.556960140926342,4.713545850194822
2M00020489+1502157,7.798301105232586,6.3921646364327165,5.869712927515205,3.9283117670589216,2.463852869373795
2M00020489+1502157,7.464487584100668,6.609440437979499,5.318472403358356,2.7616425080871996,3.8477979298922995
2M00020499+5643454,5.164163692720711,5.489941263741885,4.351448679364822,9.891377351280907,-4.401436087539022
2M00020505+5855219,2.7669416454115128,5.577818378044169,3.910317054399232,8.834060515498422,-3.2562421374542527
2M00020526+8013092,4.027170343254591,8.491103231773065,6.253423507618998,8.358308387227048,0.13279484454601764
2M00020564+6417239,5.0582466200311424,8.369531649500964,5.860415663758784,9.238881377850262,-0.8693497283492988
2M00020601+1601147,3.5892193464500535,1.6520786436059782,4.335049205464439,3.6616633954401414,-2.009584751834163
2M00020621+7023353,3.548133892335753,4.127696335228749,3.6690090979482126,6.590385088673,-2.462688753444251
2M00020621+7125569,9.72747223776965,3.136871361119075,2.5855918366698627,5.025043498754046,-1.8881721376349714
2M00020623+0115360,2.338837238659356,3.495846266210469,10.69116138,4.303906766040589,-0.8080604998301197
2M00020653-7342355,8.128305161640995,5.49824853973752,4.428746838630315,6.06051191834054,-0.5622633786030198
2M00020656+1509091,3.111716337106017,4.922276522668996,12.591213323561934,7.34326414588757,-2.420987623218574
2M00020656+1509091,7.9983425500702845,9.980981901726675,5.754722783297409,8.492576740030133,1.4884051616965426
2M00020670-7349397,5.675446054085471,5.1529384135453045,2.469607002076636,9.624816924049819,-4.4718785105045145
2M00020691+7348458,8.03526122185617,5.563934137719172,1.3738512545070969,7.370045352907767,-1.8061112151885954
2M00020710+5801078,4.56036915951296,3.174326551811087,9.13617006458958,6.307952511052167,-3.1336259592410802
2M00020714+7326184,4.197589839910078,2.6713151467844325,5.218402932923983,8.795661426670575,-6.124346279886143
2M00020741+5548536,7.979946872679768,8.579739206668242,10.695543683190827,7.478349360419023,1.1013898462492184
2M00020763-7246392,17.57923613958693,8.923004375429995,6.184039519966277,5.308401304034147,3.614603071395848
2M00020838+7530422,1.6481623915255086,4.849673394780992,1.921194249256995,4.729215376927177,0.1204580178538146
2M00020889+1344248,6.471426157485831,8.35040571844653,5.206167651570003,8.251730329496697,0.09867538894983241
2M00020908+5643507,3.758374042884443,4.757996160464407,2.389604762061865,6.061191758101568,-1.3031955976371608
2M00020921+7129389,4.2559841313374305,3.1258779301536888,1.1938041018192165,4.865518637697139,-1.7396407075434506
2M00020928+7017209,6.902398038402419,3.1409633912708492,4.9595743206670635,5.678573724534317,-2.537610333263468
2M00020961+0006286,2.7861211686297693,2.469476473458833,6.052941065616925,8.911031288132207,-6.441554814673374
2M00020972+1612294,11.040786199020735,6.075927067700301,9.759700480930585,3.806264060967886,2.2696630067324155
2M00020972+1612294,5.9292532458,4.966780126888783,8.016989178802133,9.338603067137996,-4.371822940249213
2M00020976+1601393,7.464487584100668,7.207791703431704,2.121199338157226,4.583854502984485,2.6239372004472195
2M00021043+1545586,1.6405897731995387,6.743356328836877,5.975418270683515,6.0563973067636185,0.6869590220732587
2M00021049-0001175,4.027170343254591,5.984042006057581,3.7549440906454974,2.2978623448323434,3.6861796612252373
2M00021071+7057213,15.417004529495584,5.943043967601055,4.587187281521935,8.40371404165402,-2.460670074052965
2M00021129+1709406,12.618275345906707,8.047554767866352,7.160443748728755,8.711078029735972,-0.6635232618696207
2M00021134+6327509,4.466835921509631,7.763755713160815,24.20020111,6.037606851973337,1.726148861187478
2M00021141+7026536,17.5388050184176,5.670062510308893,7.411359052333302,8.764058100415177,-3.0939955901062843
2M00021166+5540382,3.5075187395256795,5.366505052584392,8.532225169022873,6.7609589927452625,-1.3944539401608704
2M00021175+7341483,2.454708915685031,2.8347004765475794,5.806318567224509,7.2004134748609605,-4.365712998313381
2M00021279+5639460,1.9408858775927773,5.925417777760168,4.713744148956235,6.60978687224064,-0.6843690944804726
2M00021286+8018200,2.6363313858253785,9.258292782391624,7.491792152468916,3.673529300183864,5.5847634822077605
2M00021313+7315409,5.997910762555094,5.026266336208088,5.432697769686302,7.220948324696982,-2.1946819884888944
2M00021337+6446212,5.520774392807573,4.936526179488551,8.944320806660508,8.159327457791353,-3.2228012783028017
2M00021345-7321139,9.638290236239705,6.229971008652901,3.243996684035217,3.2707743074934426,2.959196701159459
2M00021363+5557476,5.623413251903491,5.58924729451356,12.95778006289216,9.524498398692812,-3.935251104179252
2M00021382+1617143,6.367955209079156,7.796564931909377,3.653574551125419,8.734756479707292,-0.9381915477979144
2M00021397+1446191,6.0394862937638,6.573859659393066,0.9007435584970472,6.881725411689787,-0.30786575229672053
2M00021424+5709578,8.184647881347896,5.706870686411773,3.728687851069117,6.662288683553074,-0.9554179971413008
2M00021473+1554235,0.8729713683881113,5.5672112520704955,7.166229019122627,6.482195705307499,-0.9149844532370031
2M00021485+0015420,4.130475019901614,1.129786891292747,4.004842798616633,6.377817904168073,-5.248031012875327
2M00021583-7237458,8.413951416451948,6.67177805936631,7.07652642869033,8.63343136989791,-1.9616533105315996
2M00021586+5619187,4.385306977749856,3.2261625473554307,0.8401373994683775,5.176547963405412,-1.950385416049981
2M00021674+7434406,4.8640720569146145,5.813283036798277,7.532305911822703,2.934721344999879,2.8785616917983976
2M00021687+5709243,7.244359600749898,8.254348774422398,3.4540461771420627,9.150417887705917,-0.8960691132835183
2M00021761+6235254,2.7478941531023975,6.053658343263598,9.083498577739237,6.153738239368835,-0.10007989610523627
2M00021763+7009028,6.745280276979223,4.467025212127654,9.135489840297046,4.316251918290269,0.1507732938373847
2M00021824+7515204,5.9703528658383656,5.524517279173967,13.8,5.65637748334431,-0.1318602041703434
2M00021848+5640283,6.486344335482381,6.087308390125538,8.197844141095555,6.10697554045764,-0.019667150332101535
2M00021854+5556036,6.095368972401694,2.395251710721976,3.799664541265073,7.259269679908742,-4.864017969186767
2M00021854+5556036,6.137620051647939,2.1405704278181856,4.152785432666121,2.6742412675694593,-0.5336708397512737
2M00021914-7308084,5.649369748123023,5.175598995612205,10.44981044,8.184387985106312,-3.008788989494107
2M00021917+0142107,5.0582466200311424,8.371877507055018,4.749406293310653,2.9161878063983577,5.45568970065666
2M00021924+8042277,6.516283940608428,2.4547395065094184,4.219667534814017,10.445094978968193,-7.990355472458774
2M00021937+1545415,1.0,2.4427616720641243,8.717641880148811,5.587747922972289,-3.1449862509081647
2M00021937+1545415,5.861381645140285,2.9188155460708876,5.259191296744318,4.433147796037194,-1.5143322499663068
2M00021937-7326142,2.660725059798809,5.848640652199902,2.236230353312283,3.580332293951466,2.2683083582484356
2M00021957+7539130,4.285485203974396,5.492324138885836,1.0131056223053512,9.438042807377549,-3.945718668491713
2M00021963-7223290,5.223961889991197,7.835571424029436,6.3986399585770775,6.009932367127602,1.8256390569018341
2M00021973+6159021,5.152286445817567,7.117251437947676,4.636133340803439,9.109684155357638,-1.9924327174099616
2M00022002+5546360,1.0185913880541169,2.1940275293886686,2.68612834204628,9.256237054540234,-7.062209525151566
2M00022079+7313426,3.5645113342624426,3.061992973509177,8.13997499757369,5.918366119934376,-2.856373146425199
2M00022136-7323365,5.176068319505676,5.854235596501501,7.120653562159311,5.064222888160322,0.7900127083411785
2M00022188+0014554,2.8183829312644546,5.701184255780857,15.15660658752286,3.750645988037676,1.9505382677431813
2M00022193+5507394,2.0137242498623875,3.8176282766754084,5.258655080598954,8.765303155791479,-4.94767487911607
2M00022256+0113360,6.081350012787176,3.3668219854466446,5.208878998430826,3.6731221868385973,-0.3063002013919527
2M00022269+6254032,6.698846094165265,8.157049625845863,11.136105333401494,3.1457114593614897,5.011338166484373
2M00022269+6254032,3.3036954103681486,5.964247643094145,3.575506446915416,3.6052436122491067,2.3590040308450386
2M00022294+1437438,2.7039583641088436,1.7881362664502627,2.817910711775075,5.589492976777486,-3.801356710327224
2M00022314+5933161,3.8370724549227884,3.5232374318548696,3.448863933980636,3.6542421407619785,-0.1310047089071089
2M00022321+1534066,7.620790100254122,9.381743271762364,12.011041554404532,6.44600741322191,2.935735858540454
2M00022337+5840231,4.7752927365769064,4.638730245220186,5.507646379702801,9.463575006464694,-4.824844761244508
2M00022337+6459378,9.462371613657929,1.762423848507698,1.1199450288870985,9.17990527858106,-7.417481430073362
2M00022358+1541380,7.447319739059889,2.9492318420439547,11.49645029,8.650256086464442,-5.701024244420487
2M00022359+5538177,1.7179083871575875,6.016677770956339,4.749205813353097,3.2395382396360803,2.777139531320259
2M00022364+1558539,4.613175745603796,2.9122433373960037,11.76166464086469,3.258121843956437,-0.34587850656043306
2M00022364+1558539,5.754399373371566,10.563827027593675,2.9755474572457485,3.7205024727420057,6.8433245548516695
2M00022381+0105509,5.164163692720711,7.576991395675406,6.678683046480274,3.129916383828374,4.447075011847032
2M00022406+1625382,2.4490632418447444,3.344912331631943,4.830255081873995,8.234082163607212,-4.889169831975269
2M00022423+5710235,3.243396173493493,4.630644545941221,3.983864200898182,5.782320434112633,-1.151675888171412
2M00022429+1654504,13.931568029453036,5.40863371400092,7.946500979198285,4.965298297817207,0.44333541618371264
2M00022453+7046515,8.260379495771783,9.095147802551454,12.06175856,7.703865120837488,1.3912826817139656
2M00022557+0126203,1.5776112696993485,8.00677724848107,7.092893398823662,3.4908918635303703,4.5158853849507
2M00022592+6232088,4.365158322401661,8.615107927346836,9.83719763486743,3.3844149253768783,5.230693001969957
2M00022599+5622580,13.772094688939474,5.726333477534272,2.4215498719344146,4.631449544471319,1.0948839330629534
2M00022602+5542350,6.025595860743575,8.803708317291143,5.084914783521815,8.829959079110669,-0.026250761819525792
2M00022618+7041228,1.2676518658578462,1.6435212344671815,4.531870206130233,6.067762224939258,-4.424240990472077
2M00022658+7456394,2.2646443075930596,2.1217869094702992,12.626684416148906,8.495686084673595,-6.373899175203296
2M00022661+6411431,7.345138681571151,8.303547795509283,6.491893699412358,8.1336055359802,0.16994225952908337
2M00022665+5706041,1.7458221529205038,6.005635952712731,3.2102812089476145,10.363273101683038,-4.357637148970308
2M00022672+7503493,11.912420080273737,5.260942520297386,4.093689880655631,8.743716925859914,-3.4827744055625285
2M00022675+1550577,4.63446919736288,4.5925201301061405,7.09978079991692,5.472393871737657,-0.8798737416315161
2M00022707+1426467,3.8904514499428045,3.94188389862641,2.9349397872731764,5.17953049685314,-1.2376465982267297
2M00022717+5610460,4.083193863326923,8.94655390847714,5.262132723,8.841082891324547,0.10547101715259366
2M00022797+5655571,7.311390834834172,3.154946257031787,5.802604496296067,2.397723032365789,0.757223224665998
2M00022806-7339090,8.709635899560807,1.2409052350006045,4.179311270458146,6.49167525391331,-5.250770018912705
2M00022826+5836430,8.090958991783822,4.754119889979463,6.846569045701236,8.893591290231566,-4.139471400252103
2M00022830+7009129,9.01571137605957,6.308317151202093,7.662620159610093,4.572261324656523,1.7360558265455701
2M00022873+7408165,4.965923214503363,7.6004605476702025,2.7594746001893475,8.477650568222595,-0.8771900205523924
2M00022881+6408024,9.682778562612496,5.284514792721182,3.866204819172256,8.849196172813718,-3.5646813800925363
2M00022920+6152385,1.482518085145953,6.658553260964195,2.745275638794521,7.986973585662599,-1.3284203246984045
2M00022947+6222085,3.404081897010009,1.5148301120124312,12.65377218657,8.512098417819194,-6.997268305806763
2M00022975+5602063,5.88843655355589,6.699989164626933,5.520762601289264,10.030602210248698,-3.3306130456217655
2M00023012+6202043,5.211947111050805,6.590858665496553,6.548228795049425,9.472552580363233,-2.8816939148666805
2M00023036+8524194,4.045758916974429,5.188228339639688,6.711160861031598,8.530545000172213,-3.342316660532524
2M00023036+8524194,1.9408858775927773,6.607601192584323,2.245702266372186,9.098350857636,-2.490749665051676
2M00023050+0011288,2.6915348039269165,7.842240936083478,3.6954545807429904,5.01889760238727,2.823343333696208
2M00023067+7358420,6.998419960022739,2.468822055351722,4.042493664527344,4.172842619242969,-1.704020563891247
2M00023082+5540502,3.8370724549227884,10.033980514005146,8.249260040450796,6.163450988822905,3.8705295251822402
2M00023168+7113488,1.1668096170609628,2.1209183181644984,5.078090805400894,8.445072277968823,-6.324153959804324
2M00023179+1521164,6.854882264526614,3.0379788697088226,8.996306584245534,5.0357796310266805,-1.9978007613178579
2M00023179+1521164,5.0699070827470445,3.9615069230308926,7.572539910536065,3.4916263803264425,0.4698805427044501
2M00023198+1643527,4.909078761526029,7.635721388515383,9.058092932826654,2.4514308675566174,5.184290520958765
2M00023239+1615235,5.046612975635282,4.178907791149257,6.296372567029057,6.601141313109114,-2.422233521959857
2M00023285+5843100,4.0179081084894,4.635557308943287,7.842953890744796,4.507362319097198,0.12819498984608924
2M00023299-7233200,6.456542290346556,7.949896548667812,7.002158638684969,6.089665976929752,1.86023057173806
2M00023362+7111107,0.9616122783836648,3.2287984641674647,6.2387722941941295,5.861027696678658,-2.632229232511193
2M00023382+6219219,1.137627285823431,2.1161663172671292,1.9164309396507253,4.557868748010257,-2.441702430743128
2M00023383+5733064,5.382697825162881,9.14209985593158,4.968953578242837,3.1234997373242113,6.0186001186073685
2M00023392+7448138,4.446312674691089,3.2577092018771436,6.2668594038221626,3.027477970534363,0.23023123134278078
2M00023402-7301357,5.333348954876208,2.7779083545387193,2.7989701404377225,5.859769466113189,-3.0818611115744696
2M00023423-7328554,6.456542290346556,4.232457701105839,5.866271258436738,4.161109125150377,0.0713485759554624
2M00023432+6429578,3.672823004980846,6.506602929131636,6.872461993427624,7.494163539976431,-0.9875606108447954
2M00023465+5508377,8.279421637123345,2.0184811281102366,8.497736147941138,8.625240354792652,-6.606759226682415
2M00023476+5559432,1.496235656094433,4.440929397718297,6.606592859124776,2.8742811528344685,1.5666482448838286
2M00023492+1512081,4.178303666466218,8.321748815639001,7.48123329204817,4.609218059650289,3.7125307559887117
2M00023492+1512081,2.6791683248190314,2.318686907480906,10.580004628213016,3.4822216009191553,-1.1635346934382493
2M00023492+5550334,14.45439770745928,5.653957214590066,3.4699766371411727,7.275444859649332,-1.6214876450592666
2M00023519+1627563,5.2966344389165805,7.934678617461092,4.992138245695913,3.344430861292215,4.590247756168877
2M00023633+5636075,2.735268726306711,8.253719475394147,6.737680169606371,5.114443744848183,3.1392757305459646
2M00023676+5700500,9.772372209558112,8.106787142283503,8.752351542876614,3.4321690572729064,4.6746180850105965
2M00023757+0155331,2.8973435877013243,6.184871950058483,3.3888259013864857,8.95763456725448,-2.7727626171959976
2M00023786+8116279,3.1188895840939383,4.207631061207242,1.3103363284383207,2.576338907215855,1.631292153991387
2M00023803+5527227,17.5388050184176,3.9966635858016475,6.02380142,4.808657156289274,-0.8119935704876267
2M00023809+1630383,3.3573761424295454,7.844990285367411,6.783779696860181,8.774199043517182,-0.9292087581497714
2M00023816+1714249,2.910717118066605,7.880332564910364,6.10495594882314,3.5775411301263915,4.302791434783972
2M00023939+7109185,3.819442708400464,5.638068736183493,8.783703645570226,4.096864926492663,1.5412038096908303
2M00023988+1340306,1.3273944577297403,7.955159921128476,3.799514544882805,9.464062488463881,-1.5089025673354053
2M00024004+6215211,1.1455129414455363,4.803078825554729,1.8818957062898956,6.473444744662634,-1.6703659191079057
2M00024012-7236597,5.0699070827470445,5.3296138513155995,7.417747987836966,3.0979797252870456,2.231634126028554
2M00024014+1416530,6.966265141107686,7.331721306180255,2.8904796055120054,5.830776803591275,1.5009445025889807
2M00024017+6232059,0.47973344863668915,5.712867535975112,2.7945997015017405,2.8223287469103076,2.890538789064805
2M00024017+6232059,4.236429660495409,6.328445201297316,6.357461414017567,9.59692636610174,-3.2684811648044247
2M00024042-7333134,7.112135136533288,8.426008328761629,4.408740663632863,4.435633954233047,3.9903743745285816
2M00024044+6122463,7.447319739059889,7.803080027731276,4.502874069731502,2.311751299872692,5.491328727858584
2M00024073+6354560,6.194410750767812,5.773287117382538,1.764395366997766,9.202412454235413,-3.4291253368528745
2M00024092+0200009,6.823386941416698,3.380706225771642,5.825297736,8.33620437236121,-4.955498146589569
2M00024133+8414102,3.250872973854344,3.258831892496453,1.381848008184098,9.386206343118058,-6.1273744506216055
2M00024134+7043183,5.000345349769783,4.32530495567453,13.448384667725389,6.641083216588442,-2.3157782609139126
2M00024197+5600300,7.030723198838333,4.216503384271522,10.300071300356596,3.0079233547723825,1.2085800294991391
2M00024208+6140305,6.745280276979223,7.231370321728055,5.5216694880961885,5.350287206675098,1.8810831150529568
2M00024260+1550263,7.568328950209744,4.731696220487904,6.261567240464119,9.195585071208962,-4.463888850721058
2M00024286+1516102,5.0699070827470445,8.58781803125194,1.3614374047325253,2.4971663957823638,6.090651635469577
2M00024298+5748303,3.5727283815192887,8.683257839170214,3.4079872613001716,0.6600061606356861,8.023251678534528
2M00024315+5614057,4.56036915951296,6.957789179479558,4.193664302963812,8.138452688074818,-1.1806635085952593
2M00024353+7346340,9.54992586021436,5.280352429148603,4.922455297186259,8.7950804008283,-3.514727971679698
2M00024379+5645339,6.137620051647939,5.496067146047151,2.3267540143039853,9.065419472312547,-3.5693523262653954
2M00024402+7520295,7.063175542629623,2.825677439010148,11.665269975470476,9.625350519211091,-6.799673080200943
2M00024415+5539587,4.943106869868354,8.576581077427301,2.2001465463918644,5.021805696016203,3.5547753814110976
2M00024431+1508064,8.05378441199067,1.796423976005523,3.1203890434058894,2.912500729709913,-1.11607675370439
2M00024431+1508064,1.7947336268325267,6.595607493457645,3.0061595255451907,4.190193355237003,2.4054141382206415
2M00024444+7058017,5.272298614228227,3.128984499180129,5.184990841870783,7.327987514048185,-4.1990030148680555
2M00024447+8028538,3.767037989839089,4.699005986849725,5.232566664515515,10.300878040824943,-5.601872053975217
2M00024474+6158060,2.7861211686297693,4.928347936234843,4.3101098816474925,6.069097530361355,-1.140749594126512
2M00024490+1400157,5.445026528424214,3.3894928795564447,13.8,4.32198576061584,-0.9324928810593955
2M00024499+6220076,2.9444216337987603,6.08113702906697,3.7313159648204137,7.477008126161801,-1.3958710970948305
2M00024516+5635133,9.057326008981997,7.289681486979481,2.9731303255923796,10.63540663393186,-3.345725146952379
2M00024517+7123048,4.5081670454146,9.90697422071343,3.9320887254028447,8.47696150582915,1.4300127148842794
2M00024571+5614382,6.854882264526614,5.116097979256942,1.9171614796752687,8.217903031309872,-3.1018050520529297
2M00024579+7352118,6.966265141107686,4.0388493600711595,16.364252589272837,2.069440796443049,1.9694085636281105
2M00024590+0138054,7.1944897800369985,8.104869631126832,5.19082711,8.5089864381379,-0.4041168070110679
2M00024633+0053189,6.561452663029057,1.526087689922869,4.706587818580143,2.8768354926342625,-1.3507478027113935
2M00024671+1605384,4.305266104917106,4.896884042467686,2.413897101545251,9.373373708869192,-4.4764896664015055
2M00024671+1605384,2.5703957827688644,6.350660514640025,13.8,8.257038613212167,-1.9063780985721417
2M00024683-7230522,17.498466886246582,4.533240161644835,6.652985960024957,5.104901943473556,-0.5716617818287215
2M00024691+7358204,9.057326008981997,7.643837230688978,9.261901916636528,5.952443746715377,1.6913934839736005
2M00024710+1338473,1.6481623915255086,3.591360373719893,7.502042718,3.756835691908434,-0.16547531818854067
2M00024718+5703158,9.616122783836648,6.955128672411378,3.5372389879136534,4.657339779324083,2.2977888930872954
2M00024739+5455473,3.854783576657717,8.340202084202733,2.006505297874325,3.5255692907982086,4.814632793404525
2M00024740+1708049,2.6302679918953813,4.5794724873128185,6.4013426029114155,3.1486116478769226,1.430860839435896
2M00024867+7331440,3.311311214825911,8.2381662705875,8.507434171793573,3.237868284409136,5.0002979861783645
2M00024885-7328120,2.426610095082414,9.393785622578621,12.343617513397552,6.479104805928871,2.91468081664975
2M00024889+6259381,8.68960429286302,7.28477348338183,9.136413361762571,6.787803440673462,0.49697004270836764
2M00024915+7329158,7.430191378967013,2.998896227118118,2.59809774379697,6.6013323533520385,-3.6024361262339206
